x,sin(x)
5.3831999999999995,-0.783317776339301
3.516800000000001,-0.36646545862624735
2.3832,0.6877554931167591
3.8832,-0.6754740148716779
0.7168000000000001,0.6569755216974423
3.4167999999999994,-0.2717464865272577
0.2168000000000001,0.2151056392379933
2.016800000000001,0.9021781718014268
1.5831999999999997,0.9999230754317623
